student_id,student_name,age,gender,department,semester,attendance_percentage,study_hours_per_day,previous_exam_score,midterm_score,assignment_percentage,practical_lab_score,sleep_hours_per_day,online_learning_hours,previous_backlogs,internet_access,quiz_score,class_participation_score,final_score
STU1001,Aarav Maurya,22,Male,CSE,7,80.9,5.2,27.9,74.2,81.2,86.7,6.6,2.5,0,Yes,62.7,61.7,67.8
STU1002,Anjali Verma,22,Female,IT,6,89.3,5.5,72.2,83.3,72.3,89.5,6.1,4,2,Yes,69.3,69.2,76.5
STU1003,Riya Maurya,21,Female,CSE,8,76.2,3.8,66.4,62.9,70.7,71.9,7.6,1.7,0,No,62.1,73.5,68.7
STU1004,Aarav Yadav,23,Male,CSE,8,71.6,5.8,67.3,70.5,79.6,76.4,7.5,5.9,3,Yes,81.2,59.1,72.7
STU1005,Rahul Sharma,18,Male,ECE,6,53,6.2,77.9,69.2,82,79.6,6.4,6.9,0,Yes,51.1,42.4,70.1
STU1006,Aman Mishra,23,Male,IT,3,85.1,6.7,67,79.2,72.2,82.6,8.2,3.6,0,Yes,51.5,58,75.2
STU1007,Vivek Maurya,23,Male,CE,5,76.8,7.5,52,56.7,75,74.4,6,3.9,1,Yes,67.7,58.8,61.5
STU1008,Vivek Maurya,21,Male,IT,4,66.9,3,66,83.2,64.6,74.6,6.4,6.3,1,No,69.7,58.4,67.7
STU1009,Aman Kumar,22,Male,ME,6,79.4,4.5,68.9,76.1,63.7,92.6,8.8,3.2,0,No,53.1,84.6,70.6
STU1010,Sneha Verma,21,Female,IT,7,71.6,4.5,69.6,52.9,83.2,90.5,8,3,1,Yes,64.1,51.8,70.7
STU1011,Aman Singh,19,Male,ECE,3,72.2,4.3,70.3,85.7,79.3,81.7,6.6,8,1,Yes,66.8,68.6,73.2
STU1012,Priya Mishra,22,Female,ECE,5,84.7,3.4,82.6,98,79.5,96.6,7.3,7.2,1,Yes,66.9,72.4,81.8
STU1013,Vivek Yadav,19,Male,IT,1,63.3,2,52.8,83,77.4,71.4,7.2,6.5,2,Yes,74,84.4,67.2
STU1014,Riya Maurya,19,Female,CE,6,89.5,4.7,70.5,70.5,74.6,95.5,4,7.3,0,No,63.4,68,72.7
STU1015,Aman Verma,21,Male,IT,4,62.6,3.2,86.1,71.1,82.4,82.5,6,0.1,1,Yes,91.2,81.9,78.3
STU1016,Riya Kumar,23,Female,CSE,4,70.7,4.6,43.7,48.4,85.2,100,6.9,8.4,0,Yes,78.3,67.4,73.4
STU1017,Aarav Gupta,20,Male,ME,5,99.2,3.2,70.5,46,84.9,61.7,6.6,6,0,Yes,61.5,76.5,67.2
STU1018,Sneha Sharma,20,Female,CE,2,77.7,2.6,59.8,73.3,72.8,67.7,7.3,7.5,0,Yes,73.2,47.5,66.1
STU1019,Sneha Maurya,18,Female,CSE,5,79.1,4.9,62.8,62.3,90.6,81,8.2,6,0,Yes,73.6,30.4,71.9
STU1020,Rahul Yadav,18,Male,IT,6,67.7,4.8,55.3,58.1,76.7,80.8,6.6,5.1,1,Yes,87.8,75.7,67.5
STU1021,Priya Maurya,18,Female,CE,3,72.2,5.5,65.6,69.2,81.6,99.4,5.8,4.3,1,Yes,64.2,76.5,70.6
STU1022,Vivek Singh,18,Male,ME,2,78.8,8.2,93.8,78,77.4,68,7.4,5.9,0,Yes,82,77.1,81.6
STU1023,Aarav Mishra,23,Male,CE,4,78.4,5,50.3,51.1,77,86.9,6.6,4.2,0,Yes,72.5,62.1,65
STU1024,Riya Mishra,23,Female,ECE,2,77,5.3,51.6,64.2,65.2,89.9,6.8,7.2,2,No,91.4,92.3,65.6
STU1025,Anjali Maurya,22,Female,ECE,3,77.7,2.7,49.8,89.6,82.4,84.5,6.7,1,0,Yes,88.8,63.1,75.5
STU1026,Vivek Kumar,18,Male,IT,6,75.6,2.3,92.2,56,100,64.5,9.5,3.6,0,Yes,74.6,76.3,76.6
STU1027,Neha Verma,18,Female,CE,1,62.1,7.2,61.5,81.3,69.5,92.9,4.5,10.1,0,Yes,68.6,78.9,73.4
STU1028,Riya Sharma,19,Female,IT,6,72.3,2.9,67.6,63.7,74.9,90.8,6.6,3.4,1,Yes,78.6,95.8,72.7
STU1029,Aman Kumar,21,Male,ME,2,88.1,2.7,62.4,77.1,68.6,83.2,7,4.4,2,Yes,69.7,65.2,68
STU1030,Vivek Yadav,20,Male,IT,8,62.9,4.4,54.8,84.3,68.1,78.5,6.1,2.8,1,Yes,93.8,60.2,71.8
STU1031,Karan Yadav,20,Male,ECE,6,75.9,4.3,64.7,79.6,92.5,78.7,8,5.8,1,Yes,73,47.5,74
STU1032,Neha Mishra,19,Female,ME,3,69,3,98,81.8,65.9,75.1,7.9,3.2,1,Yes,66.7,93.3,77.1
STU1033,Riya Singh,22,Female,ECE,5,79.2,4,87.5,55,68.3,83.7,6.9,4.5,0,Yes,66,76.3,72.2
STU1034,Karan Singh,19,Male,CE,1,73.7,6.6,56.1,84.5,55,76.4,6.7,7.1,1,Yes,56.2,76.8,66.9
STU1035,Aarav Verma,18,Male,IT,1,94.3,3.1,77.1,58.9,64.9,65.8,6.9,3.3,0,Yes,79.2,100,73
STU1036,Vivek Kumar,22,Male,ECE,8,83.6,2.1,56.4,73.4,53.5,63.4,6.9,7,1,Yes,61.3,74.9,63.8
STU1037,Riya Kumar,23,Female,IT,7,63.6,6.1,43.1,73.4,81.6,67,6.9,7.1,2,Yes,86.3,50.5,62.9
STU1038,Anjali Verma,18,Female,CSE,2,85.4,5.3,82.3,76.3,100,78.7,6.8,7.6,0,Yes,55.2,67.1,81
STU1039,Neha Kumar,20,Female,IT,3,69.5,3.4,84.2,74.4,69.6,75.7,7.3,5.4,0,Yes,73.7,55.4,76.3
STU1040,Aman Yadav,22,Male,CSE,2,71.7,1.8,82.6,59,54,78.6,7.8,13.1,1,Yes,87,64.1,68.9
STU1041,Karan Verma,22,Male,CSE,4,81.5,3.2,61.4,52.5,84.8,82,5.6,7.6,1,Yes,44,64,67.1
STU1042,Priya Maurya,23,Female,ME,3,72.6,4.4,65.7,81.3,65.3,68.5,5.8,5.8,0,Yes,98.2,61.2,73.2
STU1043,Anjali Yadav,20,Female,ECE,3,87.8,6.5,78.5,72.4,89.6,93.6,5.1,2.8,1,Yes,66.5,49.1,76.6
STU1044,Aarav Singh,20,Male,ME,5,69.5,2.7,73.5,84.9,70.6,72.8,8,4.8,2,Yes,73.8,93.9,69.8
STU1045,Vivek Maurya,22,Male,CSE,2,71.2,4.4,68.2,69.4,66.4,70.8,7.3,8.6,0,Yes,79.4,74.5,71.6
STU1046,Riya Maurya,18,Female,IT,8,70.8,5.6,45.3,51.7,73.1,81.8,7.6,9.3,0,Yes,81.4,66.6,65.4
STU1047,Sneha Verma,19,Female,CSE,6,71.8,1,69.6,82.6,83.1,54,5.4,8.7,1,Yes,75.6,81.4,72.1
STU1048,Sneha Singh,21,Female,ME,7,90.1,6.3,83.1,65.2,71.3,66.5,9,7,1,Yes,85,77.1,73.1
STU1049,Rahul Yadav,22,Male,CE,2,84.9,2.5,51.2,74.4,68,87.8,6.3,1.9,3,Yes,78.7,74.1,62.1
STU1050,Anjali Kumar,18,Female,CSE,6,96.8,5.1,76.9,61.6,71.6,55.2,7.2,6.2,1,Yes,94.9,80.3,73.7
STU1051,Sneha Kumar,21,Female,ME,7,100,4.9,72.6,91.4,58.7,89.4,7.9,1.9,0,Yes,78.8,72,76.9
STU1052,Sneha Sharma,20,Female,CSE,2,66.7,6.3,78.5,58.6,78.8,94.1,5.9,1.3,0,Yes,97.5,80.1,81.4
STU1053,Vivek Maurya,21,Male,CSE,7,78.8,5.4,80.2,65.6,52.6,71.6,6.4,5.6,0,Yes,83.7,81.3,73.6
STU1054,Vivek Yadav,23,Male,CSE,3,65.1,1,58.3,71.4,68.7,79.5,7.2,6.3,1,Yes,48.5,72.4,65.6
STU1055,Riya Yadav,18,Female,IT,7,69.4,3.2,45.4,55.8,83.1,89.4,10,7.3,0,Yes,71.4,66.7,66.3
STU1056,Rahul Maurya,23,Male,ME,4,71.1,4.7,60.5,74.3,77.6,70.4,7.3,6.2,2,Yes,64.5,93,65.5
STU1057,Aman Verma,20,Male,CE,7,66.4,4.2,80.4,91,81.1,86.4,8.8,6.3,1,No,91.4,62.8,76.4
STU1058,Aman Gupta,22,Male,CSE,2,66.4,5.3,60.4,63.6,73.2,67.9,8.3,2.5,1,Yes,72.3,75.9,65.4
STU1059,Aarav Kumar,20,Male,ECE,4,76.4,5.8,58.3,75.1,88,70.3,7.4,4.7,0,Yes,85.8,76.2,72.2
STU1060,Rahul Sharma,19,Male,ME,3,64.6,5.5,42.5,34.3,85.1,66.4,5.9,1.2,0,Yes,63,60.9,55.8
STU1061,Riya Yadav,22,Female,CE,2,87.3,4.1,92.5,69.5,79.4,80.1,8.2,0,1,Yes,80.1,57.9,77.4
STU1062,Anjali Verma,22,Female,ECE,3,67.9,1.4,79.6,65.9,85.1,89.9,5.4,6.9,1,Yes,68.7,64.7,71
STU1063,Sneha Gupta,18,Female,CSE,4,100,3.7,78.8,59.4,83,73.8,8.8,3.1,0,Yes,71.4,62.6,75.3
STU1064,Aarav Maurya,22,Male,ECE,2,73,5.2,81.5,84.1,68.7,60.7,7.2,7.2,0,Yes,77.7,48.1,73.4
STU1065,Aman Yadav,22,Male,IT,6,78.8,2.6,76.1,65.8,57.9,63,4.1,7.8,0,Yes,84.2,60.2,69.7
STU1066,Aman Gupta,20,Male,CE,5,63.8,4.6,64.6,67.7,79,80.7,6.6,3.5,0,Yes,43.9,74,68.1
STU1067,Aarav Gupta,23,Male,IT,7,96.8,6,65.7,65.1,80.6,98.1,7.7,6.5,1,Yes,70.9,89,75.8
STU1068,Vivek Singh,21,Male,ME,6,90.3,4.7,62,45.1,87.1,80.7,6.7,3.3,0,Yes,77.3,78.3,68.4
STU1069,Anjali Sharma,20,Female,CSE,2,81.3,1,98,55.3,62.8,71.4,7.8,0.4,1,Yes,74.9,31,72.7
STU1070,Neha Verma,18,Female,IT,1,63.2,2.3,75.8,82.5,63.1,85.2,6.1,5.3,0,Yes,84.5,79.6,76.5
STU1071,Karan Kumar,22,Male,CE,4,80.3,7.7,61.5,42.6,79.5,73.1,5.6,3.8,0,Yes,67.2,61.6,63.9
STU1072,Rahul Verma,19,Male,ECE,4,65.7,3.6,74.5,60,73.1,71.5,6.9,3.9,1,Yes,72.6,76.8,68
STU1073,Karan Maurya,22,Male,IT,2,94.1,1.1,53.8,64.8,51.4,64.5,7,9.9,1,Yes,87.4,69.8,62.9
STU1074,Aarav Kumar,21,Male,CE,7,86.9,6.6,89.1,92.7,78.5,92.9,6.6,1.2,1,Yes,42.4,67.1,79.5
STU1075,Sneha Sharma,20,Female,CE,5,79,4.5,58.7,80,51.8,45.5,8.4,6,1,No,79.7,68.5,62
STU1076,Sneha Singh,18,Female,IT,6,51.2,6.4,75,62.8,62.7,85.6,6.1,2.5,0,Yes,67.7,69.7,68.8
STU1077,Karan Singh,22,Male,ECE,1,67.2,5,82.9,87,90.2,70.4,7.3,7.3,0,Yes,60.1,90.2,79.8
STU1078,Riya Yadav,18,Female,ECE,7,85.6,5.3,73.4,60.4,95.9,71.1,7.1,5.7,3,Yes,76.4,69.7,70.3
STU1079,Priya Gupta,20,Female,ECE,2,91.3,5.1,69.3,83.1,59.4,96.3,5.3,5.9,1,No,88,86.3,76.1
STU1080,Aman Maurya,23,Male,IT,4,90.2,5.7,68.2,52.3,70,67.4,5.5,2.6,0,Yes,85.5,84.1,71.2
STU1081,Karan Yadav,23,Male,CSE,4,60.5,8.4,67.2,84,74.5,67.8,7,3.1,1,Yes,70.2,80,74.4
STU1082,Riya Verma,23,Female,CE,7,81.3,6.2,59.9,64.7,95.4,74.4,9.2,7.3,1,Yes,83.4,43.2,70.6
STU1083,Riya Maurya,23,Female,CE,3,89.2,1.8,61.7,56.6,68.1,81,7.6,9.4,0,Yes,83.3,86.7,69.7
STU1084,Neha Kumar,21,Female,CE,2,59.8,5.3,88.7,67.2,68.3,70.7,5.1,6.2,1,No,70.9,63.1,68.5
STU1085,Neha Sharma,19,Male,CE,3,77.9,6.4,66.5,73.6,92.6,57.1,4,2.8,0,Yes,63,80.7,69.3
STU1086,Priya Sharma,23,Female,ME,3,81,6.5,57,63.6,69.5,65.6,7.8,5.8,0,Yes,63.7,55.4,60.9
STU1087,Vivek Yadav,22,Male,ME,2,74.7,3.8,60.8,77.2,82.7,91.4,6.9,11.1,1,Yes,82.9,52.2,73
STU1088,Anjali Verma,23,Female,ME,2,77.7,6.5,83.4,62.4,56.3,76.9,8.3,5.3,0,Yes,71.5,99.6,71.4
STU1089,Vivek Kumar,21,Male,ECE,2,74.4,6.1,77.5,78.1,71.9,81.4,6,8.7,3,Yes,58.4,55.6,70.8
STU1090,Karan Gupta,18,Male,IT,4,74.4,8.9,75.8,75.7,54.1,72.9,7.4,3.1,0,Yes,50.1,87.2,69.6
STU1091,Karan Kumar,21,Male,CSE,3,76.4,3.2,64.4,69.2,61.3,68.1,7.9,4.9,1,Yes,82.8,71.8,67.8
STU1092,Riya Yadav,20,Female,ECE,4,71.8,3.6,76,64.3,84.1,96.1,6.5,6.5,2,Yes,64.9,63.7,72.4
STU1093,Riya Verma,23,Female,IT,6,73.1,4,59,72,73.4,73.7,6.5,6,0,Yes,76.3,69.3,69.2
STU1094,Priya Verma,20,Female,CSE,2,77.6,3.7,64.4,77.2,70.2,70.7,7,3.1,1,Yes,88.1,50.5,71.9
STU1095,Rahul Singh,19,Male,ECE,8,82.9,3,81.6,96.8,65,89.2,7.6,3,0,No,55,69.8,76.1
STU1096,Anjali Yadav,18,Female,IT,7,74.7,1,80.2,82.2,71.4,67.3,7,7.5,1,Yes,71.4,53.8,72.8
STU1097,Anjali Singh,23,Female,CSE,2,73.5,3.8,54.3,82.7,77.6,68.9,8.1,8,3,Yes,69.8,64.1,67.9
STU1098,Karan Sharma,22,Male,ME,3,79,5.1,56,70.5,85.8,76.1,6.5,8.8,1,Yes,76.9,83.9,71.2
STU1099,Neha Sharma,18,Female,CE,2,56.9,3.7,69.5,76.7,42.5,76,5.5,9.5,1,Yes,88.1,73.8,66.7
STU1100,Neha Mishra,20,Female,CSE,3,83.2,7.8,92.2,76.3,64,79.1,9.2,5.3,0,Yes,54.7,47.8,78.2
STU1101,Neha Mishra,20,Female,CSE,3,78,4.5,41.2,79.2,75.9,100,6.3,4.2,0,Yes,79.4,82.8,72.8
STU1102,Riya Yadav,20,Female,IT,2,78.4,6.7,71.9,56.9,72.8,80,6.4,8.4,5,Yes,85.4,69.9,67.2
STU1103,Riya Singh,23,Female,ME,1,88.6,4.9,48.7,64.2,78.8,47.5,6.9,6.8,3,Yes,69.6,61.9,56.6
STU1104,Vivek Mishra,18,Male,ME,4,56.5,5.9,59.1,63.4,77.2,79.9,7.1,2.5,0,Yes,70.2,81.2,66.9
STU1105,Rahul Maurya,19,Male,CSE,6,56.3,5,62.9,78.4,70.3,76.5,6.6,2.4,1,Yes,77.4,67.5,70.1
STU1106,Rahul Yadav,19,Male,ME,3,81,6.8,62.1,67.7,67.7,76.5,7,6.2,0,Yes,76.5,52.5,69.1
STU1107,Vivek Verma,19,Male,CSE,7,77.9,4.6,60.5,71.8,71.1,79,7,4.6,0,Yes,79.6,97.7,72.6
STU1108,Vivek Singh,23,Male,IT,3,79.9,5.3,68.1,84.1,87.8,75.7,7.2,4.9,0,Yes,79.3,69.7,76.4
STU1109,Aarav Sharma,23,Male,CE,8,72.9,5.1,60.5,81.2,65.2,75.4,4.4,7.7,0,Yes,59.2,68.8,69.1
STU1110,Riya Mishra,18,Female,CSE,2,85.3,4,47.5,67.9,73.2,83.4,9.1,6.9,3,Yes,84.9,63.9,67.5
STU1111,Priya Verma,21,Female,CSE,5,88.3,5.2,78.9,61.3,76.2,69.5,6.8,8.3,0,Yes,87.2,87.7,75.7
STU1112,Vivek Kumar,19,Male,IT,7,83.3,8.3,78.5,84.8,92.7,64.6,7.6,0.2,0,Yes,74.4,68.6,81.1
STU1113,Vivek Singh,19,Male,ECE,1,75.1,4,79.8,80.1,70.4,100,5.5,5.6,0,Yes,52.6,46.8,77.1
STU1114,Sneha Gupta,19,Female,CE,8,54.8,5.2,46.4,49.1,85.5,67.4,6.5,6.7,0,Yes,70.5,59.8,61.3
STU1115,Aman Kumar,19,Male,CE,3,86.5,6.6,72.2,65.9,88.8,77.2,6.3,1.2,2,Yes,74.5,89.9,71.2
STU1116,Riya Maurya,20,Female,CSE,4,91.4,6.4,77.5,72.2,73.2,58.1,8.6,3.4,0,Yes,57.1,82.5,73.3
STU1117,Aarav Maurya,23,Male,CSE,6,85.1,4.5,53.6,80.1,71.5,77.4,6.4,2.9,0,Yes,67.3,66.2,71.4
STU1118,Riya Yadav,21,Female,ME,6,68.3,1,68.1,81.8,70.1,64.8,7.8,5.1,0,Yes,53.7,90.6,67.9
STU1119,Anjali Verma,22,Female,CSE,1,85.4,5.4,66.4,73.7,70.9,70.7,6.3,9.1,0,Yes,79.9,81.2,75.8
STU1120,Neha Yadav,20,Female,CE,7,87.5,1,93.8,77.6,84.3,88.5,6.5,10.1,1,Yes,74.2,66,79.8
STU1121,Priya Gupta,18,Female,ME,5,95.1,7,94.9,70.8,76.8,81.7,6.7,3,1,Yes,50.6,67.5,75.2
STU1122,Aarav Yadav,18,Male,CSE,8,68.4,4.8,44.7,61.2,76.8,82.8,8.4,6.3,0,Yes,76.6,74.9,68.7
STU1123,Anjali Sharma,19,Female,ME,4,75.5,6.2,98,66.6,60.5,54.7,4.9,6.4,0,Yes,71.3,57.5,73.1
STU1124,Vivek Verma,19,Male,CSE,5,86.2,3,55.2,70.2,62.4,98,5.6,6,0,Yes,78.7,70.1,72.6
STU1125,Vivek Sharma,23,Male,IT,4,78.6,1.9,81.7,69.5,99.7,61.7,4.9,6,0,Yes,66.9,74.6,76.5
STU1126,Priya Verma,23,Female,ECE,8,65.7,4.9,81.6,45.5,71.9,94.3,5.8,5.8,1,No,61.6,44.7,69
STU1127,Priya Singh,23,Female,ECE,7,82.6,4.4,54.1,64.8,64.7,88.3,6.1,9.2,2,Yes,62,67.2,63.5
STU1128,Anjali Kumar,21,Female,ME,8,84.4,3.7,74.9,70.7,91.2,82.9,5.2,7.8,0,Yes,65,65.5,77
STU1129,Anjali Sharma,21,Female,ECE,5,79,4.6,66.5,66.3,77.4,65.7,6.2,2.3,0,No,72.2,85.4,67.7
STU1130,Priya Gupta,21,Female,CE,7,80.4,9.2,75.8,66.8,80.9,77.8,4.8,7,0,Yes,73.9,42.3,76.2
STU1131,Vivek Kumar,20,Male,CE,3,75.2,5.9,71.2,76.3,72.3,70.3,5.9,7.2,1,Yes,69.5,64.3,71.8
STU1132,Rahul Mishra,22,Male,ECE,4,94.3,6.3,84.7,56,70.2,76.3,8.3,5.8,0,Yes,66.5,62.8,73.5
STU1133,Karan Gupta,22,Male,CSE,7,68.1,5.9,69.1,48.8,72,73,7.4,7.8,0,Yes,67.4,84.4,71.8
STU1134,Riya Singh,22,Female,ME,1,71.5,7,65.6,65.5,57.4,51.5,7.2,5.5,0,Yes,100,69.3,67.7
STU1135,Anjali Gupta,21,Female,CE,6,78.1,4.2,83.3,79.9,72.9,89.5,5.9,5.5,1,Yes,62,96.9,74.9
STU1136,Rahul Sharma,18,Male,IT,1,87.7,1,76.1,91.9,77.6,75,5.3,5.3,0,Yes,64.7,79.9,77.3
STU1137,Priya Mishra,22,Female,IT,5,61.5,4.2,78.2,80.2,96.2,70.2,5.7,0,0,Yes,100,63.8,81.1
STU1138,Riya Verma,20,Female,IT,4,63.6,5.9,58.7,50.9,75,69.3,7,4.8,1,Yes,77.5,73.6,65.8
STU1139,Riya Maurya,22,Female,CSE,4,55.6,2.9,53.4,67,46,80.3,8,3.3,1,Yes,54.1,64.7,58.5
STU1140,Aarav Sharma,21,Male,ME,4,78.4,4.2,60.1,73.3,72.9,65.3,8,2,0,Yes,83,82.9,68.6
STU1141,Rahul Verma,23,Male,IT,4,65.7,3.3,59.3,72.3,100,48.9,7.7,8.6,1,No,60.2,50,66.3
STU1142,Anjali Verma,20,Female,ME,4,73.8,7.1,79,77,84.4,80.9,6.2,6.3,0,Yes,83.8,57.6,78
STU1143,Riya Mishra,23,Female,ME,4,85.3,5.8,81.7,58.1,64.3,82.2,7,4.9,1,No,69.3,76.8,72.1
STU1144,Priya Gupta,23,Female,ME,5,70.9,5.6,65.8,70.8,81.1,73.6,6.6,3.6,0,Yes,66.3,88.4,71
STU1145,Aman Verma,19,Male,IT,7,80.5,5.6,88,75.5,65.1,62.2,6.8,5.7,1,Yes,92.9,37,75.4
STU1146,Sneha Singh,20,Female,IT,5,74.7,4.4,87.2,80.7,57.8,76.2,9.2,7.5,0,Yes,79.4,90.6,80.2
STU1147,Karan Singh,21,Male,ME,6,85.4,4.8,71.4,59.5,69.8,58.4,6.9,2.9,0,Yes,84.6,67.9,67.5
STU1148,Aman Gupta,22,Male,ME,7,83.2,2.5,56.5,65.5,75.1,63.7,6.7,5,1,Yes,77.7,41.7,64.2
STU1149,Sneha Verma,22,Female,ECE,8,70.4,1,90.1,34.9,51.5,67,8.3,7.2,0,Yes,66.2,25,60
STU1150,Rahul Sharma,23,Male,CE,1,76.1,4.8,67.1,61.9,60.2,86.1,5.4,0.2,1,Yes,79.9,47.1,64.8
STU1151,Neha Maurya,20,Female,CSE,6,89.5,5.1,69.8,63.2,74.1,71.6,6.3,4.9,1,Yes,87.7,69.7,74.4
STU1152,Aarav Mishra,21,Male,CE,2,82.3,6.6,63.2,56.7,69.1,70.6,6.4,3.9,0,Yes,73.8,69,68.5
STU1153,Aman Kumar,20,Male,CSE,2,62.6,7.2,55.5,72.2,78.7,99.5,6.8,4.7,1,Yes,95.4,79.5,75
STU1154,Neha Gupta,23,Female,CSE,7,85.2,7.2,47.4,69.3,59.4,80.2,5.2,3.7,0,Yes,83.1,61.8,67.9
STU1155,Neha Sharma,19,Female,ECE,1,66.1,2.8,76.9,40.6,82.6,80.1,7.7,5.3,1,No,74.8,53.4,66.1
STU1156,Anjali Yadav,21,Female,CSE,7,93.5,3.9,57,72.8,59.8,71.6,7.7,9.8,2,Yes,75.3,63.8,66.8
STU1157,Priya Singh,18,Female,CSE,7,89.3,5.3,98,57.9,93.7,68.8,7.6,4.2,2,Yes,73.8,70.5,78.3
STU1158,Rahul Yadav,23,Male,CSE,8,81.2,8.8,52.8,76.3,53.4,49.8,6,5.7,0,Yes,55.7,73.5,66.4
STU1159,Vivek Yadav,20,Male,IT,6,79.7,7,50.4,53.3,60.9,87.6,7.1,10,1,Yes,70.8,58.2,64.2
STU1160,Karan Maurya,20,Male,ME,7,75.7,6.4,75.1,70.4,79,81.4,6,3.6,0,No,74.9,83.5,71.4
STU1161,Neha Sharma,21,Female,CSE,1,85.5,3.8,89.4,66.3,94,73.9,6.6,9.5,0,No,66.6,60.7,78.2
STU1162,Anjali Mishra,20,Female,ECE,8,73.9,3,68.9,73.9,77.8,74.4,9.4,5,1,Yes,76.4,57,70.6
STU1163,Karan Kumar,23,Male,ME,2,80.6,5.8,76,71.6,80.8,84.8,7.1,9.5,1,No,72.3,61.9,71.4
STU1164,Rahul Sharma,21,Male,CSE,3,87.6,2.6,42.2,66.7,74.2,57.3,5.7,6.9,0,Yes,82.1,86.1,65.7
STU1165,Priya Gupta,21,Female,CSE,2,71.8,4.1,58.5,50,61.7,68.9,7.2,5.8,1,Yes,80.6,68,61.9
STU1166,Aman Singh,18,Male,CE,4,71.2,4.3,53,50.8,68.1,62.4,5.5,4.8,0,Yes,74.2,59.6,61.8
STU1167,Neha Maurya,18,Female,ME,6,64.9,7.2,41.5,62.4,59.5,97.3,5.7,3.4,0,Yes,54.2,83.9,64.6
STU1168,Riya Maurya,20,Female,ECE,3,66.3,3.9,69.6,69.9,58.7,86.5,5.9,5.2,1,Yes,95.3,100,70.4
STU1169,Karan Singh,23,Male,ME,7,57.9,1,36.6,62.1,78.8,49.6,6.5,7.2,0,Yes,70.2,73.1,56.5
STU1170,Rahul Mishra,23,Male,CSE,5,86,5.4,49.5,78.1,60.5,57.8,8,5,0,Yes,70.9,88.5,66.8
STU1171,Anjali Singh,21,Female,IT,6,97.9,3.3,60.5,66.4,77.8,74.4,7.6,4.2,0,No,67.5,85.5,69.8
STU1172,Anjali Gupta,21,Female,ME,8,93.7,4.6,56.4,57.5,58.4,70.3,7.6,4.4,0,No,65.7,60.9,63.5
STU1173,Karan Singh,20,Male,CSE,4,60.1,4.4,73.5,66.4,77.6,60.1,5.8,7.5,1,Yes,92.1,70.4,71.7
STU1174,Karan Mishra,19,Male,ME,3,86,4,72.3,72.9,68.1,99.3,6.4,8.1,0,Yes,90,50.8,76
STU1175,Priya Kumar,18,Female,ECE,8,93.6,5.8,80.5,74.2,90.9,79.8,7.3,3.3,1,Yes,77.8,66.9,77.6
STU1176,Aman Sharma,20,Male,ME,5,73,1.9,78.5,94.4,77.9,81.7,6.3,3.3,0,Yes,70.6,60.6,78.1
STU1177,Rahul Verma,19,Male,IT,5,79.1,3.6,84,61.3,88.8,67.7,6.7,5.9,0,Yes,80,64,72.5
STU1178,Karan Mishra,19,Male,IT,3,55.9,5.7,68,69,64.9,84.7,7.5,8.8,0,Yes,73,58.8,71.2
STU1179,Priya Mishra,19,Female,CSE,2,80.9,3.5,72.2,75.5,74.7,71.4,6.6,7.9,1,Yes,69.5,65.7,73.4
STU1180,Aarav Yadav,18,Male,CSE,2,66.3,1.8,75.2,69.7,62.2,72.6,7.2,1.9,0,Yes,76.4,78,70.4
STU1181,Sneha Mishra,21,Female,ME,2,80.2,5.6,70,63.5,69,83.3,8.8,4.3,0,Yes,66.3,68.2,71.2
STU1182,Rahul Mishra,23,Male,CSE,2,60.8,6.4,62.4,49.9,70.9,56.5,6.8,2.7,0,Yes,75.3,42,65.4
STU1183,Priya Gupta,22,Female,CSE,6,84,4.4,63.3,63.4,65.3,95.2,8.3,4.3,0,No,74.7,58.8,69.8
STU1184,Riya Singh,20,Female,CSE,1,89.3,1.2,56.6,56,59.4,78.2,7.6,9,0,Yes,79.8,47.2,69
STU1185,Aarav Maurya,20,Male,CSE,6,69.4,5.7,73.9,70.5,57,91.4,5.4,1.4,1,Yes,64,73.7,69.7
STU1186,Neha Yadav,19,Female,ME,8,65.5,1.7,66.7,59.7,45.9,63.1,5.8,1,2,Yes,81.2,77.5,58.9
STU1187,Riya Singh,18,Female,IT,7,54.3,5,58.7,56.4,61.3,64.9,6.1,2.9,3,Yes,60.2,73.8,56.9
STU1188,Sneha Sharma,21,Female,CE,4,75.1,3,58.7,77.6,81.5,62.1,6.1,5.7,0,Yes,64.6,58.2,66.6
STU1189,Vivek Yadav,21,Male,CSE,1,71.6,2.5,51.1,77.8,54.8,79,6.9,6.6,0,Yes,65.1,73.7,66.5
STU1190,Neha Singh,18,Female,ECE,7,60.9,3.7,81.7,58.2,57.6,76.8,7.7,6.1,0,Yes,58.1,62.9,67.4
STU1191,Aarav Mishra,20,Male,IT,1,83,4.2,69.1,66.6,95.5,70.4,8.4,7.9,0,Yes,85.2,52.9,76.7
STU1192,Karan Kumar,19,Male,IT,6,73.1,3.4,55.9,45.8,66.4,63.8,7.3,0.6,0,Yes,59.4,81.1,58.7
STU1193,Aarav Sharma,19,Male,CE,6,66.2,5.5,68.2,63.6,77.9,60.8,6.5,8,0,Yes,62.9,82.3,67.5
STU1194,Aarav Maurya,22,Male,CE,2,71.9,3.7,60.2,75.2,81.7,75.4,4.7,4.2,0,Yes,88.3,84.2,70.9
STU1195,Sneha Kumar,21,Female,CE,6,89.8,6.2,48.3,80.7,82,70.4,7.1,6.8,2,Yes,64.6,60.9,64.7
STU1196,Vivek Kumar,21,Male,CSE,2,84.6,5,82.3,60.7,55.7,67.8,7,1.7,0,Yes,69.6,87.7,70.9
STU1197,Neha Gupta,22,Female,CSE,2,76.6,3.3,60.5,83.7,71.2,94.6,7.2,5,2,Yes,58.8,62.6,69.7
STU1198,Vivek Maurya,23,Male,ECE,7,84.8,3,62.3,50.3,54.6,75,9.3,5.6,1,Yes,82.8,79.8,63
STU1199,Aarav Kumar,22,Male,IT,8,65.2,1.7,68.6,53.8,100,91.2,8.4,7.9,0,Yes,83,62.3,75.5
STU1200,Rahul Singh,21,Male,ME,3,78.4,5,84,79.2,54.9,69.6,7.9,1,2,Yes,81.6,66.6,69.9
STU1201,Karan Maurya,23,Male,ECE,8,79.6,3.9,68.3,91.7,61.4,78.9,5.9,5.1,0,Yes,79,33.7,75.9
STU1202,Neha Mishra,20,Female,ECE,8,72.8,1,51.2,76.4,61.5,75.3,6.4,2.3,0,Yes,73,65.5,61.6
STU1203,Riya Gupta,23,Female,ME,7,82.8,3.6,75.6,69.5,56,55.6,6.9,6.3,0,Yes,65.2,71.4,67.1
STU1204,Riya Kumar,22,Female,ME,2,69.4,3,61.2,41.5,90.2,93.1,6.1,6.9,2,Yes,61.4,63.8,62.8
STU1205,Karan Sharma,21,Male,CSE,3,83.6,7.2,94.4,43.7,100,74.4,7.6,8.2,0,Yes,88.8,96.3,84.6
STU1206,Priya Kumar,23,Female,CSE,6,84.1,1.6,68,71.7,68.3,85,7.4,3.7,0,No,81.9,52.6,73.2
STU1207,Rahul Kumar,21,Male,ECE,8,45.9,2,36.7,65.3,58.2,67,5.8,7.3,0,No,63,61.5,54.1
STU1208,Aarav Yadav,22,Male,ECE,7,91.1,6.4,73,55.6,47.2,74,8.3,8.4,1,Yes,72.5,56.4,66.6
STU1209,Karan Sharma,19,Male,CSE,4,45,6.8,95.2,70.9,71.1,65.6,7.1,0.9,1,Yes,68.1,61.5,73.3
STU1210,Rahul Gupta,23,Male,IT,2,71.2,3.2,90.1,71.5,70.2,90.8,5.1,6.5,2,Yes,57.3,85.5,75.2
STU1211,Karan Yadav,21,Male,ME,8,89.3,3.4,93.6,82.3,66.2,79.7,6.9,7.4,1,Yes,74.3,92.2,76.3
STU1212,Vivek Gupta,22,Male,ME,3,74.5,5.5,53.7,71.8,76.7,80.4,7.3,4.4,1,Yes,66.6,59.5,67.1
STU1213,Riya Kumar,20,Female,ECE,3,61.9,1,80.8,86,78.7,92.3,8.1,2,0,Yes,59.6,59.2,75.7
STU1214,Sneha Maurya,23,Female,IT,8,66,1.3,57.9,70.1,77.9,89.9,6.6,7.4,0,Yes,52.8,52.6,67.7
STU1215,Aarav Yadav,18,Male,CSE,5,89.3,4,71.1,68.5,70.2,85.2,7.9,2,0,Yes,51.7,89.6,73.2
STU1216,Aarav Yadav,18,Male,ECE,3,56.9,7.1,50.2,83.8,60.8,58.9,7.2,4.6,0,Yes,67.2,86.8,65.3
STU1217,Sneha Kumar,21,Female,IT,1,90.4,3.8,59,57.3,82,67.7,5.6,4.9,1,Yes,70.9,68.4,68.4
STU1218,Riya Sharma,22,Female,ECE,4,77.4,4.7,58.5,98,74.2,64,5.4,6.8,0,No,60.6,49.1,74.2
STU1219,Aman Mishra,22,Male,ME,8,64.9,6.4,80.6,74.9,84.7,84.7,8.2,3.4,2,Yes,80.5,50.4,75.5
STU1220,Aarav Verma,20,Male,CSE,4,71.6,8.1,79.2,75,83.5,78,8.3,3.3,1,Yes,71.1,72.6,77.6
STU1221,Karan Singh,21,Male,CSE,6,66.8,3.5,71.9,76.8,56.9,59.3,7.4,5.2,0,No,79.5,78.2,70.6
STU1222,Priya Verma,21,Female,CSE,3,87.5,4.5,49.1,94.4,56.8,73.7,8.6,7.5,1,Yes,69.6,39,70.1
STU1223,Aman Yadav,23,Male,CE,7,86.1,7.6,63.6,80.3,64.9,58.1,8.2,10.7,0,Yes,61.8,65.2,68.8
STU1224,Neha Mishra,21,Female,ECE,7,59.1,1.9,57.6,49.1,61.3,75.4,7.8,1.2,0,Yes,73.5,94.3,59.5
STU1225,Aman Singh,20,Male,CSE,5,73.6,6.2,80.2,88.2,83.1,56.1,6,5.8,1,Yes,55.6,66.7,75.9
STU1226,Karan Mishra,23,Male,CE,7,68.5,2.8,84.5,65.6,78.2,82.3,8.9,2.3,1,Yes,79,92.3,74.3
STU1227,Riya Sharma,18,Female,IT,5,92.2,4.7,82.8,71.4,87.2,80.5,7.6,7.5,1,Yes,59.8,79.7,76.2
STU1228,Aman Gupta,23,Male,IT,4,63.1,4.1,57.4,53.4,78.8,98.9,6.6,2.7,0,Yes,83.9,53.7,68.7
STU1229,Priya Yadav,18,Female,CE,6,95.6,2.9,29.6,76.8,76.5,86.2,6.3,3.3,1,Yes,67.6,65.6,63
STU1230,Sneha Sharma,19,Female,CSE,7,77.6,2.8,43.3,61.5,88.4,70.9,7.3,3.5,0,No,85.8,68.1,66.7
STU1231,Vivek Kumar,22,Male,CSE,7,65.2,5,87.9,71.3,79.6,85.8,5.2,4.8,0,Yes,57.4,55.7,79.6
STU1232,Vivek Verma,22,Male,ECE,2,70.5,6.2,62.4,66.3,74.8,59.2,7.8,5.8,0,Yes,63.2,55.5,64.9
STU1233,Aarav Mishra,23,Male,CSE,6,69.2,4.3,57.5,95,91.8,64.5,6,6.2,0,Yes,77,92.6,80.6
STU1234,Priya Gupta,22,Female,ME,1,64,4.6,91,95.8,75.4,80,7.4,5,1,Yes,87.2,55.3,78.5
STU1235,Priya Mishra,21,Female,CSE,5,79,5.5,85.7,70.6,70.3,50.1,6.4,1.7,1,Yes,93.7,86.2,72.6
STU1236,Vivek Maurya,20,Male,CSE,5,64.5,2.8,68.3,70.8,63.9,75.6,6.7,6.8,0,Yes,72.5,63.5,70.7
STU1237,Riya Verma,18,Female,CSE,3,54,5.8,63.9,65.1,82.4,63.8,6.2,4.9,0,No,95.9,69.6,70
STU1238,Anjali Maurya,18,Female,IT,8,73.8,5.9,66.2,84.4,88.8,77.2,6.8,7.9,0,Yes,68.2,78.4,78.1
STU1239,Sneha Sharma,19,Female,CSE,8,58.2,8.9,71.2,65.7,73.4,63.1,9.1,3.2,0,Yes,86.3,61,73.3
STU1240,Anjali Sharma,18,Female,CSE,1,69.7,3.9,90.4,64.5,89.7,81.1,8.5,1,1,Yes,59.8,78.5,76.7
STU1241,Rahul Maurya,21,Male,CE,2,68,3.7,73.9,82.7,50.4,76.2,7.4,4.9,1,Yes,77.5,39.3,66.8
STU1242,Rahul Maurya,22,Male,IT,2,68.4,5.8,78.2,63,73.3,92.8,7,8.2,0,Yes,41.6,76.6,74.1
STU1243,Riya Kumar,23,Female,IT,8,100,5.9,84.4,69.5,73.5,76.1,7.9,5.4,0,Yes,57.4,33,75.6
STU1244,Neha Gupta,20,Female,CSE,5,78.6,3.6,51.6,49.4,65.3,66.8,8.2,4.5,0,Yes,78.1,66.6,64.8
STU1245,Vivek Gupta,23,Male,IT,6,80.7,3.8,78.6,79.2,100,73,6.1,2.8,2,Yes,54.9,82.8,75.1
STU1246,Karan Maurya,23,Male,CSE,7,58.5,5.4,63.9,95.2,73.2,59.9,6.9,9.4,1,Yes,77.6,79.3,73.3
STU1247,Vivek Gupta,23,Male,ECE,7,70.8,3.1,32.8,79.4,69.1,76.2,5,2.4,0,Yes,83.8,50.5,60.9
STU1248,Rahul Verma,20,Female,CSE,1,80.4,3.8,38.2,89,74.3,83.1,8.2,3.2,1,Yes,65.5,52.5,67.6
STU1249,Priya Singh,19,Female,CE,2,66.7,4.7,53.7,59,50,100,9.3,6.4,0,No,59.4,59.7,60.1
STU1250,Karan Verma,23,Male,CE,4,88,6.2,75.4,73.1,64.9,68.5,7.1,0.4,3,Yes,65.8,72.8,64.3
STU1251,Priya Yadav,19,Female,CSE,3,64.8,3.5,69.6,57.7,85.8,72.8,4.7,8.2,1,No,59.4,39.5,67.6
STU1252,Karan Maurya,20,Male,CSE,6,74.8,1.4,70.6,67,66.5,69.1,7.7,6.6,0,Yes,70.7,69.8,68.2
STU1253,Rahul Verma,18,Male,CSE,2,71.6,1.2,95.3,80,64.1,78.5,6,7.2,0,Yes,73.3,74.7,81.3
STU1254,Aman Kumar,22,Male,ECE,3,79.8,2.4,50.2,71.3,89.7,80.6,6.3,6.4,3,Yes,68,65.8,64.8
STU1255,Rahul Kumar,21,Male,CSE,2,71,2.3,67.6,51.6,90.1,75.4,7.7,4.6,0,Yes,93.8,77.9,73.3
STU1256,Karan Yadav,18,Male,CE,2,75,4.2,72.3,52.9,80.2,89,7.3,2.3,0,Yes,62.6,73.4,68.1
STU1257,Sneha Maurya,19,Female,ME,2,75.4,2.5,57.7,52,68.5,68.6,6.5,4.6,1,Yes,90.1,61.9,62.6
STU1258,Karan Sharma,21,Male,ME,2,69.9,3.3,68.4,76.4,71.1,87.8,6.3,2.6,0,No,58.5,41,67.8
STU1259,Sneha Sharma,21,Female,ECE,5,83.3,3.2,45.6,96.8,64.4,82.5,7.1,6.2,1,Yes,72.9,72,68.5
STU1260,Riya Gupta,22,Female,CE,4,80.6,3.8,87.7,87.7,62.1,75.9,6.5,7,1,Yes,87.4,55.7,76.8
STU1261,Neha Kumar,19,Female,CSE,4,77,6.7,58.5,45.4,61.5,72.2,5.8,8.7,1,Yes,86.7,61.3,63.4
STU1262,Priya Maurya,23,Female,IT,4,73.3,5.6,96.4,88.5,66.6,100,6.6,5.9,0,Yes,66.5,77.2,83
STU1263,Neha Singh,20,Female,IT,6,86.8,4.5,67.5,82.2,61.6,66.2,7.4,7.3,0,Yes,79.2,91.3,72.9
STU1264,Karan Kumar,22,Male,CE,7,75.4,3.7,82.4,49.9,55.2,79.6,6.8,4.3,0,Yes,77.5,69.4,68.2
STU1265,Karan Mishra,19,Male,ECE,5,74.6,3.8,67.3,66.1,76.6,67,5.4,3.8,1,Yes,65,78.3,67
STU1266,Aman Kumar,18,Male,ME,6,79.2,5.1,67.6,84.2,73.1,97.4,8.1,6.2,0,Yes,80,68.6,78.6
STU1267,Priya Singh,18,Female,CSE,6,96.7,5.5,59.8,77.2,94.4,86.6,4,4,1,Yes,96.2,73.7,78.6
STU1268,Aman Kumar,20,Male,CE,6,63.3,3,69.7,53,66,67.9,6.5,5.7,1,Yes,78.1,69.1,63.6
STU1269,Riya Sharma,23,Female,ECE,2,86.5,4.6,72.5,77.9,77.6,82.2,6.3,2.3,0,Yes,79.4,88.4,76.8
STU1270,Aman Sharma,18,Male,ECE,8,57.2,1,57,42.2,77.8,79.1,7.2,2.8,1,Yes,80.7,61.9,59.1
STU1271,Vivek Sharma,20,Male,CE,2,80.4,4.9,66.2,67.1,71,69.8,7.6,6.6,0,No,53,66.4,66.4
STU1272,Priya Kumar,18,Female,IT,4,95.3,5.8,59.5,84.8,82.9,85.1,8.2,7.2,0,Yes,78,85.9,79.4
STU1273,Sneha Sharma,23,Female,IT,6,83.4,4,98,70.2,83.3,80.7,6.2,2.5,1,No,58.8,68.6,76.5
STU1274,Riya Gupta,22,Female,ECE,4,79.9,7.6,66.7,63.5,77.9,78.6,7.6,6.7,1,Yes,64.3,53.4,70
STU1275,Aman Yadav,22,Male,CSE,2,71.8,3,89.6,81.6,70.9,75.5,7.2,3.7,0,Yes,100,100,82.8
STU1276,Sneha Verma,22,Female,IT,8,78.3,4.9,65.3,82.7,69.7,81.2,5.1,5,5,Yes,68.7,53.8,65.4
STU1277,Sneha Singh,21,Female,CSE,1,75.2,4.4,71.6,87,57.6,78.8,9.1,8.5,2,Yes,62.4,69,71.6
STU1278,Karan Gupta,22,Male,CSE,2,69.4,4.3,49.5,81.4,64.3,76.7,5.4,7,0,Yes,87,75.2,69.7
STU1279,Vivek Mishra,18,Male,CE,8,74.8,4.3,61.7,84.1,66.5,68.3,7.5,7,1,Yes,59.7,74,67.2
STU1280,Vivek Maurya,23,Male,ECE,6,80.2,4.7,70.9,79.5,60.5,96.3,7.4,9.8,1,Yes,66.2,67.2,72.8
STU1281,Aman Sharma,22,Male,IT,1,69.6,5.9,90.2,73.5,79.3,63.4,7.3,3.2,0,No,88.2,67.2,76.6
STU1282,Riya Kumar,22,Female,IT,7,69.1,6.8,71.1,71.2,88.4,81.1,6.5,2.5,1,Yes,72.6,66.5,74.3
STU1283,Sneha Kumar,20,Female,IT,8,63,4.5,87.4,66.9,63.1,72.2,7.9,3.2,2,Yes,51.7,53.3,68.3
STU1284,Rahul Kumar,22,Male,ECE,1,82.3,5.9,77,54.2,77.4,97.1,5.3,4.4,1,Yes,79.1,100,75.1
STU1285,Anjali Gupta,20,Female,CE,4,84,3.3,90.8,57.6,61.6,65.2,6.9,0,2,Yes,66.8,66.7,64.9
STU1286,Karan Verma,18,Male,CE,4,80.5,5.8,67.2,66.3,70.3,67.2,6.4,4.5,1,Yes,92,79,68.7
STU1287,Rahul Sharma,23,Male,IT,2,88.6,3.2,98,73.1,65.7,64.4,6.3,3.6,1,Yes,64.1,65,75.7
STU1288,Aarav Singh,19,Male,IT,2,79,6.4,61.2,88.7,81.2,79.9,7.5,7,0,Yes,85.7,64.7,75.8
STU1289,Karan Gupta,18,Male,IT,2,82.3,8.3,57.3,69.5,65.9,59.5,8.2,5.9,1,Yes,95.1,63.2,70.4
STU1290,Sneha Sharma,21,Female,ECE,2,81.3,4.3,51.1,83,86.1,70.3,6.6,3.5,0,Yes,60.9,46.8,66.8
STU1291,Aarav Maurya,19,Male,IT,4,77,1,98,84,71.1,50.2,7.9,6.5,1,Yes,69.5,67.6,73.8
STU1292,Priya Sharma,23,Female,ECE,4,72.2,3.6,79.5,67,66.2,78.9,7.1,6.8,1,Yes,77.1,63.9,70.7
STU1293,Riya Mishra,20,Female,ECE,2,100,6.6,63.3,77.7,59,70,6,3.1,1,Yes,60.9,87.6,71.5
STU1294,Anjali Sharma,18,Female,IT,3,73,5.4,85.5,66.8,77,58.1,6.7,3.8,0,Yes,75.5,52,75.9
STU1295,Sneha Maurya,23,Female,IT,2,70.7,4.9,77.6,87.2,84.7,89,6.7,0,0,No,69.1,61.3,79.2
STU1296,Sneha Mishra,21,Female,IT,7,82.8,6.2,95.5,78.3,77.3,60.3,6.2,2.3,0,Yes,68.8,56.5,79.4
STU1297,Rahul Mishra,19,Male,CSE,2,80.8,5.3,46.3,54.5,100,85.6,7.5,3.1,1,Yes,72.6,91.6,67.8
STU1298,Neha Maurya,22,Female,CSE,8,62.5,6.6,64.3,72.1,91.2,67.6,7.3,5.2,0,Yes,72.9,57,74.4
STU1299,Aman Maurya,21,Male,ME,5,90.3,6.1,61.5,91.4,70.3,95.2,5.3,2.6,1,Yes,74.1,78.4,74.3
STU1300,Anjali Yadav,18,Female,IT,7,77,7.1,40.4,67.6,70.2,85,5.2,3.7,0,Yes,64.2,84.6,65.6
STU1301,Anjali Maurya,22,Female,CSE,6,77.7,5.1,82.8,75.8,79.6,63.9,7.5,1.9,0,Yes,64.8,67.8,76.6
STU1302,Vivek Kumar,20,Male,ECE,3,91.1,6,64.2,77.1,63.9,65,6.1,5.4,0,No,70.5,49.3,68.1
STU1303,Sneha Gupta,22,Female,ME,5,84.9,4,78.4,56.5,88,83.3,7.3,6.1,4,No,71.4,49.5,66.8
STU1304,Neha Gupta,23,Female,CSE,3,64.1,3.5,98,76.6,78.3,72.9,7.9,6,0,Yes,66.3,82.9,78.8
STU1305,Karan Maurya,21,Male,ME,1,97.5,7.4,63.1,51.9,77.1,74,5.6,5,2,Yes,76.2,51.1,65.4
STU1306,Sneha Verma,22,Female,CE,3,85.2,4.9,62.1,61.9,82.2,91.3,5.4,1.1,0,Yes,48.4,75.9,67.4
STU1307,Vivek Verma,19,Male,ECE,3,77.9,5.9,69.7,84,94.7,67,8.8,3.5,2,Yes,62.5,71.7,72.6
STU1308,Anjali Yadav,19,Female,ME,2,95.5,4.7,81.8,74.6,76.1,77.1,7.4,4,1,Yes,68.4,75.7,75
STU1309,Rahul Singh,20,Male,CSE,1,79.8,3.5,60.1,66,72.6,87.5,6.5,4,0,Yes,60.9,77.1,69.5
STU1310,Aarav Kumar,23,Male,CE,8,77.7,4.5,59.2,75.8,92.1,85.7,6,5.2,1,Yes,93.2,56,73.7
STU1311,Riya Verma,21,Female,IT,5,70.7,6.9,82.8,69.2,85.6,74.1,6.4,8.6,1,Yes,72.2,55.4,76.4
STU1312,Priya Verma,20,Female,CE,4,84.4,5.4,73.3,70.2,70.1,72.5,5.7,7,0,Yes,74.3,80.7,71.8
STU1313,Anjali Kumar,22,Female,ECE,8,83.2,1.6,39.4,78.5,74.1,55.1,8,2.5,0,Yes,65.7,60.6,60.8
STU1314,Neha Singh,23,Female,CSE,2,78.2,4.1,50.8,60.5,76.3,63.3,6.1,6.7,1,No,71.8,28.7,62
STU1315,Aman Singh,23,Male,CSE,4,69.3,7.5,89,70.5,78.3,79.8,8.2,6.6,0,Yes,56.2,79.7,78.9
STU1316,Vivek Singh,19,Male,ME,7,79.4,4.1,73.6,65.9,57.7,74.3,6.6,3,1,Yes,69.8,54.5,65.7
STU1317,Riya Verma,22,Female,ECE,6,77.2,1.4,57.3,49.4,55.5,76.9,5.9,7.1,0,Yes,59.8,77,60
STU1318,Priya Yadav,21,Female,CSE,4,63.3,7.7,65.6,58,63.4,88.5,6.5,4.6,0,Yes,68.4,90.9,70.7
STU1319,Rahul Singh,20,Male,ME,3,61.8,5.7,68.2,90.4,62.4,61.8,4.1,1.5,1,Yes,38.7,70.3,66.4
STU1320,Vivek Mishra,20,Male,CE,1,84.2,4.4,78.3,75,66.3,73.2,6.9,6.1,1,Yes,57.3,84.9,71.1
STU1321,Anjali Mishra,18,Female,ECE,1,49.4,3.9,49,52.8,81.6,78.3,6.8,5.5,2,Yes,91,72.3,61.4
STU1322,Sneha Verma,19,Female,IT,2,80.3,6.3,56.2,50,72,67.6,7.9,4.4,0,Yes,82.8,93.8,67.6
STU1323,Vivek Singh,21,Male,CSE,7,72.7,3.6,71.8,68.5,76.4,93.2,4.9,4.9,0,No,89.1,54.1,74.6
STU1324,Riya Gupta,23,Female,ME,6,92.4,6.5,66.6,90.3,59.3,86.9,8.3,3.2,1,Yes,90,69.9,74.7
STU1325,Karan Maurya,23,Male,IT,4,72.6,5.4,76,67.6,68.5,79.5,7.9,6.5,0,Yes,80.7,80.1,75
STU1326,Riya Yadav,19,Female,CE,7,85.3,4.9,50.8,87,81,97.5,8.4,4.9,2,No,66.1,67.1,67.8
STU1327,Rahul Maurya,22,Male,IT,2,73.6,4.7,73,74.6,81.1,58,6.9,5.4,1,Yes,58.5,87.3,71.4
STU1328,Aman Gupta,18,Male,ECE,2,79.3,4.2,83.3,76.1,65.3,75.9,8.1,5.9,1,Yes,86.9,63.5,74.4
STU1329,Vivek Yadav,22,Male,CSE,4,86.1,6.3,74.8,52.6,75.9,80.4,5.4,2.1,0,Yes,72.8,100,74.2
STU1330,Aarav Singh,20,Male,CSE,8,72.9,3,69.9,82.2,100,65,7.8,2.8,1,Yes,100,100,79.1
STU1331,Priya Yadav,20,Female,ME,5,89,1.7,66.7,65.6,73.8,79.6,6.2,0,0,Yes,67.3,74.2,71.6
STU1332,Aarav Kumar,22,Male,ECE,7,67.1,5.5,56.3,81.2,65.7,62.7,5.2,6.4,1,Yes,97.6,78.3,68.2
STU1333,Aman Yadav,20,Male,ECE,2,81.2,5.6,67,59.4,71.9,84.3,5.8,2,0,No,70,87.9,66.9
STU1334,Aman Maurya,22,Male,CE,7,88.1,5.3,85.6,72.3,75.1,88.7,7,5.3,1,Yes,89.4,52.2,75.8
STU1335,Karan Kumar,21,Male,CE,1,85.3,5.2,66.3,74.6,72.2,79.3,6.1,5.9,1,Yes,94.1,50.3,73
STU1336,Karan Gupta,23,Male,CE,2,99.1,4,55.5,68,73.6,53.8,7.4,6.5,1,Yes,58.7,88.8,65.2
STU1337,Anjali Sharma,21,Female,CSE,5,69.6,5.8,61.1,75.3,56.7,64.4,5,2,0,No,65.7,74.1,65.6
STU1338,Anjali Yadav,19,Female,ECE,1,62.8,4.4,70.8,66.5,62.4,82.8,6.9,4.8,0,Yes,58.6,66.6,69.7
STU1339,Aman Sharma,22,Male,CE,7,67.1,3.7,62.8,61.6,72.2,76.3,8.5,9.2,0,Yes,56,70.2,66.7
STU1340,Aman Mishra,20,Male,IT,7,85.3,4,74.8,90.9,72,43.7,8,9.3,1,Yes,80.7,34.2,72.8
STU1341,Vivek Kumar,21,Male,CSE,5,83.5,7.9,75.3,83.6,67.2,90.9,5.8,7.5,2,Yes,69.4,67.1,77.3
STU1342,Karan Mishra,18,Male,ME,3,79.1,1.6,80.4,60.1,71.9,77.6,7,5.8,1,No,72.7,58.7,67.6
STU1343,Priya Maurya,18,Female,ECE,1,65.6,5.3,87.9,77.4,74.7,66.2,8.1,2.5,0,No,79.2,83.8,76.8
STU1344,Riya Gupta,21,Female,ECE,5,86.4,1.6,81.9,60.3,84.7,87.9,7.5,6.8,1,Yes,47.9,84.9,73
STU1345,Riya Maurya,19,Female,CE,5,64.5,4.3,54.9,54.6,72.8,67.9,7.2,4.6,2,Yes,88.7,78.7,60.2
STU1346,Karan Maurya,23,Male,ECE,7,90.7,3.8,55.4,83.4,78.8,67.7,8.2,6.4,0,Yes,67.5,75.9,71.3
STU1347,Karan Mishra,23,Male,IT,5,100,1,66.9,47.8,67.5,80.3,6.2,3.4,0,Yes,78.9,47.5,69.6
STU1348,Aarav Singh,22,Male,IT,2,82,5.2,61.7,82,80.9,97.4,7,4.6,2,Yes,80.1,78.9,76
STU1349,Vivek Gupta,22,Male,IT,1,84.4,3.9,52.1,66.7,78.5,95.5,7,5.4,1,Yes,89.8,79.4,73.2
STU1350,Aarav Sharma,21,Male,CSE,7,72.6,1,61.8,67.2,84.4,80.3,6.7,5.6,1,Yes,70.6,88.7,71.4
STU1351,Aman Gupta,18,Male,ME,2,58.1,5.9,61.4,75.3,82.6,81.5,6.6,6.2,0,No,44.4,100,68.9
STU1352,Priya Kumar,20,Female,ME,8,71.4,6.9,58.6,77.6,81.1,85.5,7.1,3.6,0,Yes,72.7,44.6,71.8
STU1353,Priya Gupta,20,Female,IT,1,66,7,63.6,59.3,72.8,60.9,7,1.6,0,Yes,74.6,64.2,68.1
STU1354,Aarav Gupta,23,Male,IT,6,62.1,5.1,84.5,79.3,76.9,83.7,5.8,9.1,0,Yes,58.6,58.9,78.8
STU1355,Riya Verma,19,Female,CE,8,96.9,4.6,70.8,71.5,86.8,67.2,7.9,11.2,0,Yes,73.9,72.6,75.7
STU1356,Anjali Gupta,20,Female,CSE,4,81,6.8,98,53.7,66.2,79.8,5.9,6.1,0,Yes,67.3,70.2,77.1
STU1357,Vivek Maurya,20,Male,ECE,1,82.2,7.4,70.4,67.8,66.5,73.3,6.8,1.7,0,Yes,54.5,66.5,69.8
STU1358,Karan Maurya,18,Male,IT,8,74.6,4.6,68.2,88,76.2,82,6.7,3.1,0,Yes,80.7,85.4,77.9
STU1359,Aman Verma,18,Male,ME,2,76.1,2.9,68.1,91.8,79,77.4,7.4,6.3,2,Yes,64.7,53.5,70.3
STU1360,Rahul Gupta,20,Male,CSE,5,88.6,4.8,71.6,79.3,64.1,39.1,4.7,8.4,1,No,66.7,54.4,70.6
STU1361,Priya Mishra,18,Female,ME,8,77.6,5.2,74.1,54.5,73.1,78.1,8,2,1,No,66,54.6,63.3
STU1362,Sneha Sharma,18,Female,IT,6,83.8,1.4,97.1,76.4,72.9,83.7,6.3,4.7,0,Yes,88.1,64.6,83.1
STU1363,Vivek Sharma,20,Male,ECE,1,75.8,5.3,56.2,81.1,47.4,81.4,8.3,5.5,3,Yes,71.5,51.6,61.5
STU1364,Vivek Sharma,19,Male,CSE,7,74.2,8.4,80,79.4,71.4,74.8,6.5,7.2,0,Yes,73,69.3,79.9
STU1365,Riya Yadav,21,Female,IT,2,62.5,5.6,70.9,80.2,72.1,95.7,6.9,4.1,1,Yes,66.3,67.5,77.6
STU1366,Vivek Verma,18,Male,ECE,6,56.2,7,46,74.7,72.1,79.7,9.1,1.1,2,No,78,58.2,61.1
STU1367,Karan Maurya,19,Male,CSE,5,75.1,4.8,78.8,69.1,91,81.3,6.7,6.6,0,No,89.5,83.1,79.7
STU1368,Rahul Yadav,20,Male,CSE,3,78.6,4.4,85.7,62.1,59.4,88.5,8.4,7.8,0,Yes,80.4,69.1,77.3
STU1369,Vivek Singh,23,Male,CSE,4,63.9,5.1,56,45.3,64.1,80.4,7,4.8,0,Yes,80.9,85.9,64.8
STU1370,Vivek Mishra,21,Male,IT,1,77.6,3.1,67.9,74.4,42.7,65.2,7.5,6,2,Yes,79.9,67.1,65.5
STU1371,Sneha Maurya,23,Female,CSE,8,78.6,2.9,43.8,72.4,68.2,46.7,7.1,3.8,1,Yes,54.1,69.6,58.7
STU1372,Anjali Singh,20,Female,CE,2,54.3,6.7,50.4,77.2,69.3,70.3,7.9,2.9,1,No,60.6,61.6,61.9
STU1373,Vivek Singh,20,Male,IT,3,67.9,6.8,82.7,52.6,67.9,85.1,6.2,7.6,2,Yes,69.3,69.9,68.8
STU1374,Aman Singh,20,Male,ME,5,82.5,2.8,61.5,78.4,87.3,71.8,5.9,6,1,Yes,62.6,80.7,67.4
STU1375,Neha Kumar,23,Female,CE,6,82.3,6.1,52.5,96.7,84.3,85.6,6.9,6.2,0,Yes,58.2,63.8,74.2
STU1376,Karan Kumar,23,Male,CSE,5,65.3,4.4,71.2,71,74.9,77.8,7.1,8.8,3,Yes,47.7,77.8,66
STU1377,Aarav Mishra,23,Male,ECE,5,79.7,5.1,60.7,69.2,69.6,91.5,6.8,2.4,2,Yes,54.5,57.8,67.4
STU1378,Aman Verma,22,Male,CE,5,89.2,5.3,61.4,74,86.3,72.5,7.8,3.6,0,Yes,68.7,81.4,70.4
STU1379,Vivek Verma,21,Male,ECE,7,86.5,6.2,78.4,96.4,73.8,81.6,8.4,5.4,0,Yes,71.1,61.3,79.8
STU1380,Priya Yadav,21,Female,IT,4,77,4.6,51.7,56.7,64.2,82.1,5.9,3.6,1,Yes,61.7,82.8,63.4
STU1381,Priya Gupta,23,Female,CSE,7,72.9,6.9,55.3,72.6,53.4,94,6.2,7,0,Yes,73,70.9,70.8
STU1382,Karan Mishra,19,Male,CSE,7,71.1,5,70.2,59.6,68.7,55.5,5.4,4.5,0,Yes,66.4,92.8,66.6
STU1383,Neha Maurya,20,Female,ECE,8,83.1,5.6,81.6,62.9,83.1,70.5,9.2,2.5,1,Yes,86.2,52.7,76.4
STU1384,Anjali Verma,23,Female,CE,8,80.1,3.1,85.3,69.4,100,86.2,7.3,5.2,4,Yes,69.9,47.9,70.9
STU1385,Priya Verma,20,Female,CE,7,84.9,8.2,58.7,87.5,74.7,94.6,7.5,5.4,1,Yes,81.1,60.8,75.3
STU1386,Anjali Mishra,19,Female,CSE,2,79.5,5.3,81.1,93.4,64.8,78.9,5.5,7.3,1,Yes,74.6,49.2,78.7
STU1387,Aarav Yadav,21,Male,ME,7,87,5.7,57,75.8,59.8,72.5,7,6,2,Yes,53.8,49.3,63
STU1388,Sneha Mishra,19,Female,IT,6,79,1.8,93.6,65.1,80.6,85.1,7.6,6.2,1,Yes,70.8,79.3,78.3
STU1389,Riya Sharma,23,Female,CE,3,86.6,3.1,52.1,98,52.8,86.4,6.7,5.8,0,No,55.9,69.9,66.6
STU1390,Rahul Maurya,23,Male,CSE,6,87.6,6.6,86.6,64.4,80.6,71.7,8.2,4.5,0,Yes,70.6,62.8,78.3
STU1391,Sneha Yadav,19,Female,CE,3,69.2,5,58.8,62.6,83.8,80,9.5,3.2,0,Yes,62.3,64.2,67.1
STU1392,Priya Sharma,21,Female,ME,5,58.1,1.2,96.2,46.9,79.2,90.2,6,5.7,2,Yes,77,61,70.7
STU1393,Riya Gupta,23,Female,CSE,7,95,6.3,76.3,88.1,71.4,98.7,5.9,4.2,2,Yes,54.5,94.8,77.9
STU1394,Aarav Yadav,22,Male,CSE,2,80.8,3.6,53.8,82.6,80.8,84.9,6,9.2,0,Yes,72.2,59,77.4
STU1395,Aman Sharma,19,Male,ME,3,59.1,6.9,60.7,98,76.1,76.5,8.8,8.4,1,Yes,79.4,50.2,72.7
STU1396,Aarav Verma,21,Male,CSE,7,70.1,4.4,78.9,51.9,64.7,75.4,8.1,6.6,1,Yes,83.8,81.9,71.2
STU1397,Vivek Maurya,21,Male,ECE,4,86.5,4.8,82.7,89,96.2,82.7,6.9,5.9,1,Yes,62.1,66.8,79.8
STU1398,Riya Singh,21,Female,CE,8,74.9,6.5,67,70.9,69.8,74.6,7,4.8,0,Yes,72.2,100,69.9
STU1399,Karan Verma,18,Male,ECE,1,72.4,3,68.6,80.5,83.3,78.3,6.1,1.8,1,No,74.4,62.1,69.8
STU1400,Neha Verma,19,Female,IT,6,93.4,2.8,78.6,48.6,45,76.2,8,4.5,0,Yes,92.1,82.7,68.4
STU1401,Aarav Singh,23,Male,IT,7,66.5,4.2,69.8,89.1,89.3,91.6,6.6,5.3,1,No,52.7,86.2,75.4
STU1402,Aman Mishra,19,Male,CSE,8,69.2,5.9,49.9,80.2,91.6,62.3,6.7,5.6,0,Yes,60.2,62.2,69.6
STU1403,Vivek Maurya,19,Male,CE,2,80.3,2.2,56.6,69.5,74.4,70.8,7.7,6.2,0,Yes,100,58.9,69.9
STU1404,Aman Sharma,19,Male,IT,8,82.3,1.7,71.3,78.4,80.7,77.2,6.8,7.3,1,Yes,68.4,81.1,73.2
STU1405,Neha Mishra,19,Female,CSE,4,83.5,5.9,85,60,80.7,99.9,6.7,3.3,0,Yes,47.4,78.6,77.3
STU1406,Aarav Mishra,18,Male,IT,3,88,3.5,90.6,62.5,66.3,70.9,7,3.3,0,Yes,64.4,48.8,72.8
STU1407,Anjali Singh,20,Female,CE,3,80.2,3.8,78.9,64,80.6,68,7.9,8.6,0,Yes,36,53.1,69.7
STU1408,Vivek Maurya,23,Male,CSE,6,83.4,1.3,72,45.9,64.3,69.4,8.8,6.9,1,Yes,75.1,32,64.8
STU1409,Aarav Sharma,18,Male,CE,6,75.1,3.3,78.5,81.2,66.7,95.9,7.6,4,0,Yes,82.5,78.9,77.1
STU1410,Anjali Mishra,19,Female,ME,4,78.7,4.5,58.7,85.5,87.5,42.3,7.9,4.7,1,Yes,60.1,66.1,64.4
STU1411,Aarav Yadav,18,Male,ME,1,79.2,6.1,65.9,60.9,85.7,64,6.8,4.7,0,Yes,65.9,67.6,67.3
STU1412,Priya Yadav,21,Female,CE,8,80.4,3.2,56.5,74.5,65.5,100,6.2,5.1,2,Yes,84,44.6,65.7
STU1413,Anjali Sharma,19,Female,CE,2,86.5,7.3,50.5,66.5,65.2,83.1,7.7,6.2,0,Yes,49.2,53.5,66.2
STU1414,Anjali Mishra,22,Female,CE,1,84.1,3.3,72.7,74.3,66.3,62.7,7.2,11.3,0,Yes,54.8,62.8,69.5
STU1415,Sneha Sharma,21,Female,CSE,5,78.5,3.3,70.6,61.8,82.8,75.5,5.4,5.5,0,Yes,69,59.9,71.7
STU1416,Rahul Kumar,22,Male,ME,4,69.1,7.1,77.6,58.5,62,76.8,6.6,6.7,1,Yes,62.2,71.8,66.7
STU1417,Riya Kumar,21,Female,ECE,5,78.7,4.9,75.6,83.7,78.3,86.2,6.9,0.8,2,Yes,68.2,78.8,73.1
STU1418,Sneha Maurya,20,Female,ECE,8,77.7,3.6,71.4,69.2,83,98.1,6.4,3.8,1,Yes,55.6,100,72.5
STU1419,Sneha Kumar,23,Female,CE,1,80.1,4.2,75.8,96.3,72.9,80.7,8.6,8.1,0,Yes,74.8,69.7,79.6
STU1420,Aarav Mishra,20,Male,CE,3,100,6.8,67.4,70.6,86.1,69.5,7.5,6,1,Yes,70.1,86.7,72.8
STU1421,Rahul Yadav,23,Male,ME,5,72.2,7,73.8,58,70.3,85.4,8.5,0,1,Yes,79.1,57.6,71.5
STU1422,Karan Sharma,23,Male,ECE,7,82.6,3.1,57.8,86,71.4,67.6,7.3,6.7,0,Yes,74.6,44.9,71.7
STU1423,Aarav Sharma,21,Male,IT,5,89.8,4.4,73.2,78.2,62.3,63.6,7.1,9.8,1,Yes,74.7,64.7,73.9
STU1424,Priya Sharma,22,Female,IT,4,79.1,4.7,77.4,79.4,86.2,54.9,6,0,1,Yes,53.2,46,71.3
STU1425,Sneha Gupta,19,Female,IT,5,100,2.8,58.6,85.5,64.8,57.2,7,8.8,0,Yes,78.4,70.2,71.2
STU1426,Karan Maurya,22,Male,IT,8,73.8,4.4,68.7,61.5,78.2,65.2,7,0,0,Yes,67.7,58.3,69
STU1427,Karan Kumar,22,Male,CSE,4,81.6,4.5,59.3,68.3,73.1,61.9,5.5,7.3,1,Yes,69.8,40.7,66.6
STU1428,Rahul Maurya,23,Male,CSE,8,69.2,6.4,60.6,67.8,61.4,79.8,6.4,5,1,Yes,85.6,96,72.9
STU1429,Rahul Sharma,19,Male,ME,7,74.1,6.6,52.3,53.2,66.7,61.6,6.6,0,0,Yes,62.6,61.9,59.6
STU1430,Anjali Maurya,22,Female,IT,3,80.7,3.9,85.7,66.6,90.6,38.3,7.5,6.1,0,Yes,89.6,45.4,75.2
STU1431,Karan Mishra,20,Male,CE,2,87.3,4.1,82.9,87.4,76.4,63.5,7.5,7.9,0,Yes,90.8,83.5,79.9
STU1432,Priya Maurya,19,Female,ECE,7,81.5,5.6,75.5,73.1,61.9,70.3,6.4,5.9,1,No,81.8,59.1,72.2
STU1433,Sneha Yadav,19,Female,CSE,2,91.9,3.5,95.6,52.5,77.7,68.7,7.5,6.5,1,Yes,59.3,86.4,73.4
STU1434,Sneha Maurya,21,Female,CSE,3,77,5.5,65.4,49.8,72.2,94.2,6.8,4,1,Yes,43.6,59,68.8
STU1435,Riya Sharma,19,Female,CSE,2,74.3,4.4,98,91.6,100,68.6,4,0.3,2,Yes,86,61.9,84
STU1436,Riya Kumar,18,Female,CE,5,100,2.9,64.8,68.8,77.4,86.6,6.5,6.7,1,Yes,73.4,75.2,69.7
STU1437,Priya Sharma,20,Female,CSE,3,82.3,2.9,71.6,61.6,69.4,75.8,8.2,5.3,0,No,62.3,78.9,69.2
STU1438,Anjali Gupta,21,Female,ECE,6,70.1,7,62.4,66.4,91,75.5,5.2,7.8,1,Yes,87.3,81.5,71.4
STU1439,Aman Yadav,19,Male,CE,8,70.4,4.2,73.2,50.8,51.9,66,7.1,0,4,Yes,60.8,68.7,55.2
STU1440,Aman Yadav,23,Male,CE,7,67.6,7.3,79.7,88.5,75.1,75.3,8.7,1.2,1,Yes,66.5,77.9,73.9
STU1441,Aarav Maurya,22,Male,CSE,8,88.3,3.6,66.4,64.9,97.9,66.8,6.2,2.9,0,Yes,78.8,81.2,75.8
STU1442,Riya Kumar,21,Female,CSE,1,74,5,92.9,87.8,72.6,78,7,1,0,Yes,57.5,73,82.2
STU1443,Sneha Yadav,23,Female,CSE,4,79.4,8.6,71.3,70.7,53.2,73.2,5.6,5.1,0,Yes,70.6,67.9,71.9
STU1444,Aarav Kumar,20,Male,CSE,2,77.3,2.7,71.8,88.6,69.2,64.7,8.8,6,2,No,86.2,48.3,71.4
STU1445,Aarav Singh,18,Male,CSE,8,86,1.3,55.3,73.3,91.5,87.9,6.9,1.4,0,Yes,74.7,79,72.8
STU1446,Aarav Yadav,18,Male,ECE,6,68.7,6.7,73.9,81.1,78.5,81.1,7.1,6.9,1,Yes,88.2,70.6,76.8
STU1447,Aman Mishra,23,Male,CE,3,66.2,3.1,66.1,79.3,63.9,70.6,8.5,6.5,2,No,86.7,63.8,68.7
STU1448,Vivek Gupta,23,Male,ECE,5,80.5,4.5,59.5,78.1,65.8,77.7,7.7,3.6,0,Yes,72.1,89.2,71.7
STU1449,Aman Sharma,22,Male,ECE,5,84.6,3.5,57.1,74.5,67.3,75,6,4.6,0,Yes,41.6,48.6,64.5
STU1450,Aarav Gupta,18,Male,CSE,4,81.7,5,98,67,78.3,65.6,6.3,0.1,0,Yes,57.6,94.7,77.7
STU1451,Aarav Sharma,19,Male,ME,4,69.1,2.9,64.3,94.9,90.1,76.8,7.5,4.2,0,Yes,81.9,69.7,76.5
STU1452,Rahul Mishra,18,Male,ECE,1,85.5,4.2,47.6,58.2,86.6,68.5,6.3,5,0,Yes,51.8,74.8,64
STU1453,Riya Yadav,18,Female,CE,4,69.8,5.3,58.2,70.1,79.5,64.7,4.7,5.4,0,Yes,67.8,64.1,66.2
STU1454,Riya Kumar,19,Female,CE,3,72.3,2.8,67.3,70.2,58,56.5,6.9,5.9,0,Yes,76.4,45,64.8
STU1455,Neha Sharma,21,Female,IT,7,67.6,3.3,75.7,75.2,58.1,71.7,5.4,5.6,0,Yes,91.1,67.9,71.9
STU1456,Vivek Kumar,18,Male,CSE,7,92.3,3.9,75.8,64.4,80.4,82.8,8.8,4.3,1,Yes,64.5,75,73.7
STU1457,Neha Mishra,23,Female,CSE,7,85,2.1,77.5,74.1,57.9,67.7,7.2,5.7,1,Yes,63.6,80.1,71.1
STU1458,Aman Verma,20,Male,IT,1,84.7,3.8,59,67.8,71.3,100,6,7.5,0,Yes,71.3,67,71.7
STU1459,Aman Maurya,19,Male,CE,7,91.7,4.7,72.8,49.4,77.6,86.6,6.2,4.8,0,Yes,76.6,37.1,70.9
STU1460,Rahul Yadav,21,Male,IT,4,100,3.8,55.7,70.1,60.3,91.7,4.9,5.8,1,Yes,70,46.9,68.2
STU1461,Sneha Gupta,22,Female,ME,4,59.2,4,59.3,55.7,61.7,85.5,5.8,5.3,1,Yes,85.6,100,62.2
STU1462,Riya Kumar,19,Female,ECE,8,69.9,4.5,55.2,47.5,72.9,98.2,8.1,3.4,1,Yes,61.6,53.6,63.1
STU1463,Rahul Mishra,18,Male,CSE,7,71.2,3.4,51.4,71.8,80,66.6,9.5,6.3,0,Yes,73.6,91.4,68.1
STU1464,Aman Singh,18,Male,IT,1,68.6,5.7,82.9,76.3,86.7,45.3,7.8,3.6,1,Yes,77.8,56,74.3
STU1465,Riya Gupta,23,Female,ECE,3,66.1,6.9,77.6,76.8,81.3,70.6,6.9,6,0,Yes,66.8,67.3,75.1
STU1466,Aman Yadav,18,Male,ME,6,74.7,3.7,81.7,77.4,74.9,82.7,6.5,5.1,1,Yes,82.9,79.4,77.8
STU1467,Rahul Yadav,21,Male,IT,5,64.6,5.3,68.6,44.9,65,77.8,5.9,4.2,0,Yes,73.9,57.7,67.1
STU1468,Riya Mishra,20,Female,CSE,3,81.7,4.1,78.9,52.3,61.1,79.3,9.3,4.2,0,Yes,82.3,93.9,72.1
STU1469,Priya Kumar,22,Female,ME,5,78.6,5.1,43.3,95.7,67.9,91.9,6.8,3.7,0,Yes,74.5,71.1,68.6
STU1470,Riya Gupta,18,Female,CSE,7,83.3,7.2,80.1,56.4,78.9,80.6,9.3,0.9,2,Yes,76.9,76.9,72.9
STU1471,Anjali Verma,23,Female,CE,2,83.6,5.4,70.5,77.9,78,85.6,8.5,6,0,Yes,63.8,66,73.3
STU1472,Karan Verma,22,Male,CSE,6,84.6,1.5,76.8,61.1,48.8,64.7,5.1,5.6,1,Yes,63.8,79.9,68
STU1473,Priya Sharma,20,Female,CSE,6,73.9,5.3,73.3,71,64.6,62.9,6.3,7.1,0,Yes,87.9,93.7,74.8
STU1474,Karan Kumar,19,Male,ECE,8,100,6.6,54.2,61.8,88.5,95.4,6.3,3.7,2,No,80.3,68,71.1
STU1475,Karan Singh,23,Male,ECE,3,80.6,4.1,47,77.3,75,77.2,6.9,9.7,0,Yes,58.7,95.9,68.5
STU1476,Aarav Singh,19,Male,ECE,2,57.5,6.2,58,71.8,57,68.5,6.9,4.1,0,Yes,71.4,60.8,64.6
STU1477,Anjali Verma,20,Female,IT,5,67,3.3,75.9,64.2,100,68.5,10,2.8,2,Yes,41.1,81.5,69
STU1478,Vivek Gupta,20,Male,CE,5,58.9,2,77.7,56.3,73.7,68.2,5.8,2.5,0,Yes,64.5,77.3,67.1
STU1479,Riya Yadav,19,Female,ECE,4,78.2,4.7,48.8,73.5,78.6,67.5,7.3,0.7,1,No,84.5,54,64.8
STU1480,Karan Verma,20,Male,IT,7,76.7,1.5,54.3,54.2,78.8,60.6,7.7,8.8,0,Yes,70.4,73.2,63.1
STU1481,Priya Verma,18,Female,IT,7,72.8,4.1,57.9,75.6,69.6,58,7,8.4,1,Yes,73.5,70.1,68.9
STU1482,Sneha Kumar,18,Female,CSE,2,100,6.7,63,98,65.3,73.7,7.1,6.5,0,Yes,32.8,57.2,74.3
STU1483,Karan Gupta,19,Male,ECE,7,84,1.3,48.9,87.6,99.5,68.9,5.9,2.8,0,Yes,66.9,75.4,70.9
STU1484,Anjali Singh,18,Female,CSE,2,86,2.3,48.1,79.3,86,89.3,7.1,9.5,1,Yes,76.4,72.2,70.2
STU1485,Karan Sharma,20,Male,ECE,4,67.8,2.7,56.5,68.9,83.9,79.5,7.6,4.1,2,Yes,78,68.9,67.1
STU1486,Rahul Verma,23,Male,CSE,1,67,4.4,69.2,44.8,80.9,79.2,7.4,4.3,1,No,84.5,69,68.2
STU1487,Riya Verma,18,Female,CE,3,78.4,3.9,51.5,52.8,62,67.1,7.6,8.6,0,Yes,69.3,68.6,60.8
STU1488,Priya Kumar,18,Female,IT,8,79.9,6.9,66.4,86.7,89.3,74.5,8.6,6.6,2,Yes,69.8,64.5,75.1
STU1489,Aarav Gupta,18,Male,CE,4,57.6,6.1,82.8,59.7,63.9,80.3,8,10.5,0,Yes,54.7,72.1,69.4
STU1490,Neha Gupta,21,Female,IT,6,76,5.3,49.8,60.9,77.4,84.6,7.1,5.6,0,Yes,69.3,60.3,67.5
STU1491,Aman Yadav,19,Male,CSE,1,78.2,4.7,65.1,67.8,54.3,74.9,5.7,4,1,Yes,55.6,100,67.6
STU1492,Aman Yadav,20,Male,ME,6,75.6,5.2,82.3,56.2,49.5,88.9,6.3,3.5,1,Yes,48,48.9,65.3
STU1493,Aman Yadav,18,Male,ECE,3,69.1,3,62.1,54.1,77.8,76.1,6.8,0.4,2,Yes,57.9,61.2,60.3
STU1494,Anjali Singh,19,Female,ME,6,72.1,6,60,69.3,64.3,85.5,7.3,4.3,0,Yes,91.6,62.4,71.3
STU1495,Rahul Maurya,20,Male,IT,8,76.1,2.6,84.3,58.4,50.1,70.1,6.5,7.9,1,Yes,68.5,100,68.5
STU1496,Neha Gupta,20,Female,ECE,5,79,5.9,63.7,60.4,80.5,54.2,6,5.3,0,Yes,74.9,50.2,66.6
STU1497,Priya Verma,21,Female,CE,1,84.7,6.5,83.5,59.8,73.1,79.2,5.7,5.1,1,Yes,65.3,76.4,72.1
STU1498,Aman Yadav,22,Male,ECE,4,89.9,4.9,74,76.8,90.7,84.7,5.2,2.5,1,Yes,48.7,73.7,72.9
STU1499,Aman Singh,20,Male,IT,1,74.8,4.2,63.2,67,70.9,82.9,6.7,5.6,0,No,84.2,75,71.6
STU1500,Karan Gupta,23,Male,ME,4,73,5.2,74.7,67.7,74.1,81.1,5.4,7.5,1,No,43.8,88.5,66
